date,id,flair,title,selftext
1604891928,jqpvp6,Not A Gadget,Maintenance Robot Walks on a Wind Turbine's Blade in a World First,
1604896733,jqr3bg,Rule 2,"Back here with, affordable smart watches in this 2020",
1604897235,jqr7io,Music,iFi NEO iDSD: New HiRes Professional Headphone Amplifier/Desktop DAC Announced,
1604899565,jqrr2a,Phones,moto G8 power lite launched in India | Specifications and Price,
1604900214,jqrwa4,Phones,moto G8 power lite launched in India | Specifications and Price,
1604900357,jqrxgc,Home,"""I got this galaxy moon lamp for my 7yo daughter for her birthday. She loves it. I mean really LOVES it. She refuses to sleep without it on!â€",
1604901740,jqs8c0,Rule 2,Smart Switches for a Smart Home Automation,
1604905437,jqt08f,Phones,Poco C3 Review Budget Phone under 9000 INR,
1604912333,jquaf1,Discussion,World Travel Market Virtual arrives in London for the first time | Pathik,
1604914458,jquoav,Phones,Rugged Leather iPhone Cases,
1604917443,jqv7n2,Rule 2,LED LCD Flat Panels / Displays / Desktop Monitors - Products - ViewSonic ME,
1604918009,jqvbf6,Medical,Music Is Medicine shirt,
1604918051,jqvbqp,VR / AR,Louis Tomlinson Have Yourself A Harry Little Christmas shirt,
1604918059,jqvbt2,VR / AR,Merry Christmas Guitar shirt,
1604918067,jqvbvl,VR / AR,Life Is Better With Coffee Yarn And Books shirt,
1604919271,jqvkqu,Computer peripherals,DEAL: Lenovo ThinkVision T22v-20 Portable Monitor With VoIP Now at $150 Only,
1604919459,jqvm1e,Phones,Classic Stylophone Retro Pocket Synth,
1604920410,jqvsrr,Home,Weekend Forecast Crochet With No Change Of House Cleaning Or Cooking shirt,
1604920437,jqvsxw,VR / AR,What A Beautiful World It Would Be If People Had Hearts Like Cats shirt,
1604920484,jqvtb0,VR / AR,Turkey Trot Face Wearing A Mask Thanksgiving 2020 shirt,
1604920496,jqvtdz,VR / AR,What Doesnt Kill You Makes You Stronger Except Sharks Sharks Will Kill You shirt,
1604920529,jqvtlj,VR / AR,Things I Do In My Spare Time Drink Beer Look At Beer Research Beer Talk About Beer shirt,
1604920542,jqvtoj,Transportation,Things I Do In My Spare Time Drive Trucks Look At Trucks Research Trucks Talk About Trucks shirt,
1604920836,jqvvqf,Watches,Things I Do In My Spare Time Play Disc Golf Watch People Play Disc Golf Research Disc Golf shirt,
1604920881,jqvw4g,VR / AR,The Lord Of The Rings 19th Anniversary 2001 2020 Thank You For The Memories shirt,
1604921755,jqw2hg,Phones,Motorola Razr 5G Flip Phone With Up to $293 OFF on Amazon,
1604928463,jqxkpr,Phones,"Samsung can launch its new Galaxy S21 series ahead of time, will compete with Xiaomi and Oppo",[deleted]
1604929306,jqxsgl,VR / AR,Guitar Life Is Full Of Important Choices shirt,
1604931452,jqyd4y,Rule 2,"The move came once Donald Trump, in an exceeding statement, same that Biden is ""rushing to incorrectly create. Because the winner"" which the race is ""far from over"". Washington: U.S. first young lady Melania Trump has joined elective individuals.",
1604931668,jqyf9k,VR / AR,Chicken Tie Dye Hippie Poultry Farmer Farm shirt,
1604931677,jqyfbz,VR / AR,Celine Paris shirt,
1604931796,jqygkv,VR / AR,Youre Not Worthless Organs Go For A Lot On The Black Market shirt,
1604931805,jqygpr,Watches,You better watch out you better not cry shirt,
1604932029,jqyix8,Phone Accessories,Ù¾Ø®Ø´ Ú©Ù†Ù†Ø¯Ù‡ Ø§Ù Ø§Ù… Ø®ÙˆØ¯Ø±Ùˆ Ø§Ø³ Ø§Ø³ Ú©Ø§ Ù…Ø¯Ù„ CBT530-Ù¾Ø®Ø´ Ú©Ù†Ù†Ø¯Ù‡ Ø§Ù Ø§Ù… Ø®ÙˆØ¯Ø±Ùˆ | ÙØ±ÙˆØ´Ú¯Ø§Ù‡ ØªÚ©ÛŒÙ† Ù…Ø§Ù„,
1604933249,jqyvaq,Not A Gadget,Virgin Hyperloop Completes Its First Ever Passenger Test,
1604933731,jqz0ev,Discussion,Ø¢Ø´Ù†Ø§ÛŒÛŒ Ø¨Ø§ Ø­Ù…Ù„Ù‡ ÙØ§Ø±Ù…ÛŒÙ†Ú¯ Ùˆ Ø±ÙˆØ´ Ù…Ù‚Ø§Ø¨Ù„Ù‡ Ø¨Ø§ Ø¢Ù†-ØªÙØ§ÙˆØª Ø¨ÛŒÙ† ÙÛŒØ´ÛŒÙ†Ú¯ Ùˆ ÙØ§Ø±Ù…ÛŒÙ†Ú¯ | ÙØ±ÙˆØ´Ú¯Ø§Ù‡ ØªÚ©ÛŒÙ† Ù…Ø§Ù„,
1604933987,jqz34n,Phones,"While people had to go to offices and other brick-and-mortar workplaces to earn money in the past, it is possible nowadays to earn from the comfort of their home using their computers or mobile phones and other devices.",
1604934795,jqzcb6,Wearables,Ø¢Ù…ÙˆØ²Ø´ Ø§Ø³ØªÙØ§Ø¯Ù‡ Ø§Ø² Ø§Ù¾Ù„â€ŒÙˆØ§Ú† Ø¨Ø±Ø§ÛŒ Ø­ÙØ¸ Ø³Ù„Ø§Ù…Øª-Ø§Ù¾Ù„â€ŒÙˆØ§Ú† Ù‚Ø§Ø¨Ù„ÛŒØªâ€ŒÙ‡Ø§ Ùˆ Ø§Ù¾Ù„ÛŒÚ©ÛŒØ´Ù†â€ŒÙ‡Ø§ÛŒ Ù…Ø®ØªÙ„ÙÛŒ Ø¯Ø§Ø±Ø¯,
1604935932,jqzorp,VR / AR,Stop The Fraud 2020 Presidential Election Vote Graph Chart shirt,
1604935941,jqzovk,VR / AR,Stop Fraud Presidential Election Vote Graph Chart shirt,
1604935974,jqzp83,VR / AR,Stay Home Camping Camper Quarantine 2020 Spread Virus shirt,
1604938205,jr0ecj,Discussion,"Right-To-Repair Gains Steam, Promises Lower Costs For Device Owners",
1604940663,jr17d2,VR / AR,Gobble Gobble Turkey Face Mask Thanksgiving Quarantine shirt,
1604940695,jr17qy,VR / AR,Gymnastics AcroTex Cedar Park TX shirt,
1604940697,jr17rm,VR / AR,Golden Retriever Painting Dog Art Print shirt,
1604941246,jr1ean,Phones,Nokia 8 V 5G UW Launched for Verizonâ€™s Ultra Wideband Network - Tech Carving,
1604944667,jr2jq7,Cameras,Insta360 One R for CG Artists,
1604946456,jr359o,Discussion,"Lose weight, boost metabolism, balance harmones and flush out toxins without change in diet and exercise",
1604957323,jr6u5x,Music,"Jabra adds active noise cancellation to Elite 75t, Elite Active 75t earbuds",
1604962129,jr8e04,Misc,Join the Sexuality Paradise Discord Server!,
1604963768,jr8wes,Misc,We're giving away 3 Space Puzzles this week! Sign up to win and get a free puzzle!,
1604973531,jrbs9k,VR / AR,Im Thankful For my family thanksgiving turkey wear mask shirt,
1604973541,jrbscw,VR / AR,If They Dont Have Party Favors Alcohol At My Funeral shirt,
1604973735,jrbufc,VR / AR,I Served I Sacrificed Nothing I Am A Proud Army Veteran shirt,
1604973760,jrbuo1,VR / AR,I was recently run over by a reindeer so pardon me for moving slower Christmas shirt,
1604976353,jrclvs,Phones,Explore everyone around you within 30 feet in real-time on your iPhone. ğŸ”®,
1604981815,jre3ew,Medical,BioVYZR Face Shield is ALIVE!!,
1604983657,jrek4c,Gaming,The Cyberpunk Release Situation Keeps Getting More and More Interesting,[deleted]
1604986373,jrf7xw,Wearables,Huawei smartwatch GT 2e launched in India | Specification,
1604986473,jrf8tx,TV / Projectors,Free Soundbar to those who buy Samsung QLED TV,
1604991006,jrg8gm,Tablets,AOC 16T2 Portable IPS Touchscreen Display Monitor With USB-C and 4-hours Battery,
1604992418,jrgir3,Wearables,The Best Fashionable Wearables for Health &amp; Fitness 2020,
1604993484,jrgq9j,Computer peripherals,ViewSonic Elite XG270Q 1440p Gaming Monitor With 165Hz Refresh Rate,
1604995359,jrh37l,Phones,An iPhone 12 with USB-C would really help the environment â€” not a missing charger,
1604995752,jrh5xv,Misc,"Tunip Info Services | Security, Safety and Networking Solutions",
1604996236,jrh949,Phones,"Micromax In Note 1, In Note 1b launched in India &amp; Specification",
1605000140,jrhyga,Computer peripherals,Dell UltraSharp U2421E IPS Monitor features an integrated USB-C Hub and Save up to $45 on Purchase,
1605002238,jric8t,Discussion,"Employment of the ""Spot"" robot dog in the Chernobyl region",
1605002407,jridcp,Phones,"For the first time in years, Samsung is selling more phones than Apple in the US",
1605002438,jridn7,Wearables,Does anyone have interested to review ANC Bluetooth Headphone? UK only,
1605004164,jrip9s,Desktops / Laptops,"Saw the worldâ€™s first foldable laptop Hub-Stand on crowdfunding site, seem cool",
1605004564,jris0y,VR / AR,Trump 2024 Stars Election shirt,
1605004604,jrisal,VR / AR,Quote Pink Heart Im Speaking shirt,
1605004620,jriset,VR / AR,Trump 2020 No More Bullsht Stars Election shirt,
1605004636,jrisig,VR / AR,I Love Remote Online Learning Heart shirt,
1605004645,jrisku,VR / AR,Merry Christmask Funny 2020 Christmas Xmas Wear Mask shirt,
1605005645,jrizio,VR / AR,The Good The Bad The Ugly 54Th Anniversary 1966 2020 Thank You For The Memories Signatures T-Shirt,
1605005685,jrizu7,VR / AR,Beautiful Under Armour Playing Basketball T-Shirt,
1605005688,jrizut,VR / AR,Cat Everything Will Be Just Fine As Long As There Are Cats Books And Wine shirt,
1605006683,jrj6zb,Blogspam,Philips Projection launches three new NeoPix home projectors.,
1605008602,jrjk4c,Desktops / Laptops,HP ZBook Power G7 Mobile Workstation supports EEC-RAM and Xeon-CPUs: Pre-Order Open,
1605010429,jrjx7f,TV / Projectors,Philips Projection launches three new NeoPix home projectors,
1605010619,jrjylq,VR / AR,Sleepy Joe Is Not My President Harris USA US Election Biden shirt,
1605010660,jrjyvs,VR / AR,Pastor Because Hardcore Devil Stomping Ninja Isnt An Official Job Title shirt,
1605010682,jrjz0z,VR / AR,Kamala Harris 2024 For President shirt,
1605010690,jrjz34,VR / AR,Kamala Harris Is My Sorority Sister Biden Harris 2020 shirt,
1605010702,jrjz6d,VR / AR,Joe Biden Kamala Harris 2020 Rainbow Gay Pride Lgbt Election shirt,
1605010728,jrjzd6,VR / AR,Joe Biden Fracking Liar shirt,
1605010736,jrjzfb,Transportation,Im Simple Old Man I Like Boobs And Motorcycle shirt,
1605010783,jrjzsr,VR / AR,Biden Harris 2020 We Did It shirt,
1605014081,jrkqax,Phones,The Android 11 update arrives on 90 different Samsung phones and tablets,
1605020313,jrmdun,Computer peripherals,ÙÙ„Ø´ Ù…Ù…ÙˆØ±ÛŒ USB 3.0 Ø§Ø³ Ø§Ø³ Ú©Ø§ Ù…Ø¯Ù„ SFD101 Ø¸Ø±ÙÛŒØª 32 Ú¯ÛŒÚ¯Ø§Ø¨Ø§ÛŒØª-ÙÙ„Ø´ Ù…Ù…ÙˆØ±ÛŒ | ÙØ±ÙˆØ´Ú¯Ø§Ù‡ ØªÚ©ÛŒÙ† Ù…Ø§Ù„,
1605024530,jrno3d,Discussion,Can GPS Really Snoop On Your Location?,
1605028778,jrp26n,Home,"new best gadsest, kitchen tools and space saving products utilities for every home",
1605029525,jrpb3q,Medical,"Whitening Face With Aloe Vera , Honey, Turmeric / Ù‚Ù†Ø§Ø¹ Ø§Ù„ÙƒØ±ÙƒÙ… Ù„Ù„ÙˆØ¬Ù‡ / ì‹¬í™©...",
1605031845,jrq32i,Desktops / Laptops,"Apple unveils M1, its first system-on-a-chip for portable Mac computers",
1605031869,jrq3cg,Computer peripherals,HP Instant Ink will require a monthly fee to keep printers working,
1605032753,jrqdsx,Desktops / Laptops,Apple unveils all-new MacBook Air powered by Apple Silicon M1 chip,
1605033595,jrqo1h,Transportation,"Newly Passed Right-to-Repair Law Will Fundamentally Change Tesla Repair - Tesla managed to avoid earlier right-to-repair legislation through a loophole. This time, a new law looks like itâ€™ll include Teslas, too.",
1605034354,jrqxav,Wearables,Google Research - Wearable Subtitles,
1605036058,jrri74,Desktops / Laptops,Apple's new MacBook Air has an M1 chip and *NO FANS*,
1605036468,jrrmvs,Desktops / Laptops,"New MacBook Air and MacBook Pro Still Have 720p Camera, But Apple Promises Better Quality From M1",
1605036638,jrrou4,Desktops / Laptops,Ø±ÙˆØ´â€ŒÙ‡Ø§ÛŒ Ø§ÙØ²Ø§ÛŒØ´ Ù…Ø§Ù†Ø¯Ú¯Ø§Ø±ÛŒ Ø´Ø§Ø±Ú˜ Ø¨Ø§ØªØ±ÛŒ Ù„Ù¾â€ŒØªØ§Ù¾-Ù‡Ù†Ú¯Ø§Ù… Ø¹Ø¯Ù… Ø§Ø³ØªÙØ§Ø¯Ù‡ Ø§Ø² | ÙØ±ÙˆØ´Ú¯Ø§Ù‡ ØªÚ©ÛŒÙ† Ù…Ø§Ù„,
1605037697,jrs1p5,Phones,Ø±Ø§Ù‡Ù†Ù…Ø§ÛŒ Ø§Ø³ØªÙØ§Ø¯Ù‡ Ø§Ø² Ø§Ù…Ú©Ø§Ù†Ø§Øª Ø¢ÛŒÙÙˆÙ† Ø¨Ø±Ø§ÛŒ Ø®ÙˆØ§Ø¨ Ø¨Ù‡ØªØ±-Ù‚Ø§Ø¨Ù„ÛŒØªâ€ŒÙ‡Ø§ÛŒ Ø¬Ø¯ÛŒØ¯ Ø¢ÛŒÙÙˆÙ† Ø¨Ù‡ Ø´Ù…Ø§ Ø¨Ø±Ø§ÛŒ ØªÙ†Ø¸ÛŒÙ…,
1605038570,jrsc93,Gaming,Deal worth it?,
1605042329,jrtldl,Computer peripherals,Top Gaming Processor in Trending,
1605042403,jrtm8v,Desktops / Laptops,"Apple Announces the Apple Silicon M1: Ditching x86 - What to Expect, Based on A14 [AnandTech]",
1605043091,jrtuee,Gaming,"Debut of the ""Founder's edition"" of the Aya Neo handheld PC-compatible game console (English and Chinese subtitles; 21:08)",
1605043476,jrtyxp,Phones,Huawei will sell the Honor phones division for $ 15 billion,
1605060087,jryzjo,Home,"I know this has come up before, but I just saw one in the wild. Keurig Drinkworks.",
1605065373,js0fa1,Computer peripherals,Glary Utilities Pro 5.154.0.180 Crack Key [Latest Version],
1605066207,js0nc9,Phones,WIRELESS DOCK STATION,
1605066746,js0sfs,VR / AR,"The Queensland Civil Partnership Act 2011 (Qld) came into force on the 23 February 2012 and from that date, it is possible for Queenslanders to register a civil partnership. To register a civil partnership in Queensland the two people must be adults,",
1605069157,js1f2h,Desktops / Laptops,Apple is upgrading New MacBook Pro 2020 13 inch with M1 chip and 20 hours of Battery life: Pre-Order and More,
1605069541,js1ikg,Computer peripherals,Apple Mac Mini 2020 with M1 chip is now more Affordable,
1605070597,js1rvg,Home,"Ring recalls 350,000 smart doorbells over fire concerns",
1605071339,js1ygl,Desktops / Laptops,Apple MacBook Air 13 2020 with M1 chip and Passive cooling and Touch ID - Pre-orders and More,
1605073684,js2i6b,Cameras,Leica Q2 Monochrom Digital Camera Announced: Pre-Order Price and More,
1605074711,js2qbv,Phones,Mobile Covers in Ahmedabad,
1605074811,js2r53,VR / AR,Thats What I Do I Ride Horses I Play Guitars I Know Things shirt,
1605074821,js2r7o,VR / AR,Starbucks Murder Mystery And Makeup shirt,
1605074854,js2rft,Home,Some People Want A Big House Fast Car And Lots Of Money This Norwegian Wants A Cabin In The Woods A,
1605074885,js2rox,VR / AR,Joe Biden Kamala Harris President 2020 shirt,
1605075527,js2wtw,Phones,dvdvdv,
1605080238,js3vpd,Phones,Infinix Zero 8 â€“ The Best Budget Smartphone You Didnâ€™t Know,
1605092262,js65dx,Desktops / Laptops,9 Most Expensive Gaming Laptops in 2020 Best for Gaming,
1605092577,js67ni,VR / AR,Skull buffalo new york varsity style retro football shirt,
1605092580,js67o9,VR / AR,T1d diabetic mom type 1 diabetes awareness shirt,
1605092592,js67r3,VR / AR,steve kornacki art 2020 shirt,
1605092660,js68aq,VR / AR,Kamala harris mvp madam vice president biden stars shirt,
1605092664,js68bs,VR / AR,Kamala harris los angeles moon 2020 shirt,
1605092676,js68eb,VR / AR,Kamala harris while i may be the first woman in this office i will not be the last vintage retro sh,
1605095095,js6pbl,Music,"Sennheiser HD 560S Review: Fine for us, but Would you Buy it for $200?",
1605100181,js7u3u,VR / AR,Victory Biden Harris 2020 shirt,
1605100214,js7udw,VR / AR,Kamala harrisvote for aunty flowers shirt,
1605101433,js856o,VR / AR,Joe Biden and Kamala Harris win Vermont 2020 shirt,
1605101435,js8579,Medical,Jolliest Bunch Of Nurses This Side Of The Nuthouse shirt,
1605101441,js8591,VR / AR,Joe Biden and Kamala Harris win New York 2020 shirt,
1605101444,js85a4,VR / AR,Joe Biden and Kamala Harris win Oregon 2020 shirt,
1605101448,js85b4,VR / AR,Joe Biden and Kamala Harris win Pennsylvania 2020 shirt,
1605101455,js85db,VR / AR,Joe Biden and Kamala Harris win New Jersey 2020 shirt,
1605101459,js85ej,VR / AR,Joe Biden and Kamala Harris win New Hampshire 2020 shirt,
1605102742,js8hag,Homemade,Thermomotor Powered by Tealights,
1605105101,js94ei,Computer peripherals,How-To Revert HP Printer Firmware Ban on 3rd-Party Toner Cartridges,
1605106905,js9mr7,Discussion,Ø±Ø§Ù‡Ù†Ù…Ø§ÛŒ Ø§Ù†ØªØ®Ø§Ø¨ Ø¨Ù‡ØªØ±ÛŒÙ† Ø§Ø³Ù¾ÛŒÚ©Ø± Ù‡ÙˆØ´Ù…Ù†Ø¯-Ø®ÛŒÙ„ÛŒ Ø§Ø² Ù…ÙˆØ§Ù‚Ø¹ Ø²Ù†Ø¯Ú¯ÛŒ Ø¯Ø± Ø®Ø§Ù†Ù‡ Ù‡ÙˆØ´Ù…Ù†Ø¯ | ÙØ±ÙˆØ´Ú¯Ø§Ù‡ ØªÚ©ÛŒÙ† Ù…Ø§Ù„,
1605108435,jsa33a,locked,"""Wanna See You 2020"" JLCPCB E-exhibition",
1605108966,jsa8zg,Computer peripherals,Ø§Ø³ Ø§Ø³ Ø¯ÛŒ Ø§Ú©Ø³ØªØ±Ù†Ø§Ù„ Ø§Ø³ Ø§Ø³ Ú©Ø§ Ù…Ø¯Ù„ SD100 Ø¨Ø§ Ø¸Ø±ÙÛŒØª 256 Ú¯ÛŒÚ¯Ø§Ø¨Ø§ÛŒØª | ÙØ±ÙˆØ´Ú¯Ø§Ù‡ ØªÚ©ÛŒÙ† Ù…Ø§Ù„,
1605109074,jsaa8r,Phones,"NTU Researchers Lead Development Of AI-Powered 'Electronic Nose' To Sniff Out Meat Freshness, Reduce Food Waste",
1605109382,jsadkk,Desktops / Laptops,"Apple coming off its best quarter ever for the Mac, with $9 billion in sales â€” They have no reason to update the designs of the hardware",[deleted]
1605109428,jsae1w,Phones,Top 10 Global Smartphone Market Share 2010-2019,
1605109460,jsaef7,Desktops / Laptops,"Apple coming off its best quarter ever for the Mac, with $9 billion in sales â€” They have no reason to update the designs of the new hardware",
1605109965,jsak0h,Discussion,Ø¢Ù…ÙˆØ²Ø´ Ù¾Ø®Ø´ Ø¨Ø§Ø²ÛŒâ€ŒÙ‡Ø§ÛŒ Ø§ÛŒÚ©Ø³â€ŒØ¨Ø§Ú©Ø³ Ø±ÙˆÛŒ Ú¯ÙˆØ´ÛŒ ÛŒØ§ ØªØ¨Ù„Øª-Ø¯Ø± Ø­Ø§Ù„ Ø­Ø§Ø¶Ø± Ø§Ù…Ú©Ø§Ù† Ø§Ø¬Ø±Ø§ÛŒ Ø¨Ø§Ø²ÛŒâ€ŒÙ‡Ø§,
1605110288,jsankr,VR / AR,Meinl Percussion Maracas Standard Concert Size,
1605111169,jsaxyd,Rule 2,A New Designer Space Helmet Is Here to Protect You From the Coronavirus for Just $199,
1605111991,jsb73p,Music,Soundbar Test - Yamaha Yas 109 vs JBL bar 2.1 sound test,
1605112660,jsbeug,Desktops / Laptops,"With Its Own Chips, Apple Aims to Define the Future of PCs",
1605121192,jse906,Phones,Skullcandy Crusher Headphone- Noise Isolating,
1605121192,jse90k,Phones,Sennheiser RS 175 RF Wireless Headphone System,
1605121194,jse91d,Watches,Garmin Venu Sq GPS Smartwatch,
1605121776,jseg7c,Transportation,BMWâ€™s new electric scooter concept aims to be your perfect cyberpunk mount,[deleted]
1605123878,jsf5t9,Medical,Lose 30 pounds a month without change in diet with 80% off time limited offer,
1605127522,jsgen7,Wearables,These glasses make every light spot turn into a heart WOW They are like a phone camera heart effect filter but for our natural vision.,
1605128452,jsgngb,Watches,Samsung Galaxy Watch Active 2- Silver,
1605132200,jshjqw,Transportation,Advanced Personal Mobile Robot and Personal Mini Transporter One size With self-balancing technology,
1605134774,jsidkx,Medical,The system that makes passive stream of income every month for you,
1605139657,jsjvwb,Homemade,An updated daily front page of The New York Times as artwork on your wall,
1605144221,jsl7or,Music,Alexa Is Getting Better At Guessing Your Intentions,
1605144413,jsl9q2,Home,"Ring Recalls 350,000 Video Doorbells Over Fire Risk; Injuries Reported",
1605146044,jslqaf,Wearables,Review: Antelife Heated Gloves Put Temperature Control In Your Hands,
1605159301,jsp3aq,Wearables,Zoom F2 and F2-BT Field Recorder for Podcasters and Travelers,
1605160506,jspcqo,VR / AR,Im The Crazy Catcher They Warned You About shirt,
1605160511,jspcrx,VR / AR,Im Speaking Kamala Harris Vice President Debate Vote 2020 shirt,
1605160514,jspcsz,VR / AR,Joe Biden Kamala Harris 2020 Shirt,
1605160522,jspcvn,VR / AR,I Wear Pink In Memory Of My Sister Breast Cancer Awareness shirt,
1605160547,jspd2h,Computer peripherals,PlayStation 5: Odd design with 4k gaming for new PS 5,
1605160571,jspd8u,VR / AR,Farmer Dad Like A Regular Dad But Cooler shirt,
1605160607,jspdi8,VR / AR,Biden Harris 2020 Peace Love Equality Hope Diversity shirt,
1605160611,jspdje,VR / AR,Christmas Beer Merry Beerstmas Drinking Team Squad Ale Party shirt,
1605160616,jspdkn,VR / AR,Biden Harris 2020 American Flag shirt,
1605160619,jspdl8,VR / AR,A Ball Of Yarn A Drink Thats Warm A Comfy Seat A Happy Me shirt,
1605164698,jsq77v,VR / AR,"The term, Real Estate simply means real/physical properties, which are land, buildings, underground rights below the land and air rights above the land. The word â€œRealâ€ comes from the Latin root rex, meaning â€œroyal,â€ since kings, in those days, owned all land in their kingdoms.",
1605165510,jsqcvt,Desktops / Laptops,"No, the new MacBook Air is not faster than 98% of PC laptops",
1605167829,jsqsgb,Cameras,Lente Max Mod para la nueva GoPro HERO9 Black,
1605172006,jsrjtx,VR / AR,Baby Yoda Face Mask 2020 Merry Quarantine T-Shirt,
1605172818,jsrotd,Home,Jio Fiber Unboxing ğŸ”¥ Just â‚¹1500 Dual Band Router 150Mbps Truly Unlimit...,
1605176203,jss9q7,VR / AR,South Africa A Place Your Feet May Leave But Your Heart Remains Vinatge shirt,
1605176244,jss9zd,VR / AR,Sharks Make Me Happy Humans Make Me Head Hurt Vintage shirt,
1605176251,jssa0w,VR / AR,Rally Car Everything Will Kill You So Choose Something Fun Horizontal shirt,
1605176265,jssa48,VR / AR,Quarantine Christmas Crew shirt,
1605176274,jssa68,Medical,Nurse All Day Watch Christmas Movie All Night shirt,
1605176278,jssa73,Cameras,Photography Solves Most Of My Problems Coffee Solves The Rest shirt,
1605176281,jssa7w,VR / AR,New Zealand A Place Your Feet May Leave But Your Heart Remains Vintage shirt,
1605176482,jssbir,Desktops / Laptops,New M1 MacBook Air smokes Core i9 16-inch MacBook Pro in Geekbench,
1605177622,jssity,Gaming,PS5 and Xbox Series X are making load screens obsolete,
1605179699,jsswb3,Desktops / Laptops,"Lenovo Thinkcentre M75n Tiny Mini PC with Ryzen CPU, Now on Amazon",
1605180515,jst1rc,Computer peripherals,ĞšĞ°Ğº Ğ¾Ğ±Ğ¾Ğ¹Ñ‚Ğ¸ Ğ±Ğ»Ğ¾ĞºĞ¸Ñ€Ğ¾Ğ²ĞºÑƒ ÑĞ°Ğ¹Ñ‚Ğ¾Ğ². RusVPN,
1605182683,jstgrj,Gaming,Testing the top gaming routers of 2020,
1605185944,jsu5ep,Desktops / Laptops,What Apple's New Mac Products and M1 Chip Mean for Hollywood,
1605190386,jsv9gc,Phones,WhatsApp Rolls Out 5 Amazing New Features,
1605196167,jswx70,Phones,Huawei to sell Honor for $15 billion to Digital China and Shenzhen government,
1605196427,jsx07q,Wearables,"An Apple smart ring may be an accessory to Apple Glass, Apple VR headset",
1605196564,jsx1sd,TV / Projectors,Polaris 4K UHD Ultra Short Throw Laser TV,
1605199564,jsy0mq,TV / Projectors,Philips' new cheap projectors make perfect gifts â€“ if you don't need 4K,
1605199677,jsy1um,TV / Projectors,Philips launches new range of compact budget projectors for 2020,
1605202735,jsz279,Misc,"Amazon expands its in-garage delivery to 4,000 cities, including Chicago, Los Angeles, and New York",
1605202795,jsz2wb,Transportation,"FORD UNVEILS E-TRANSIT ELECTRIC CARGO VAN WITH 126 MILES OF RANGE AND $45,000 PRICE TAG",
1605205703,jt01nz,Transportation,BMW electrified wingsuit can fly at speeds of 300 km/h,
1605206209,jt0872,Home,organikaâ„¢ï¸ | The First Reusable Bamboo Cup In The World,
1605207242,jt0l2v,*SMS-based,Microsoft urges users to stop using phone-based multi-factor authentication,
1605207437,jt0nic,Phones,3-in-1 WU-MINGLU Sleep Headphones,
1605207438,jt0niu,VR / AR,Tecboss Bluetooth FM Transmitter for Car â€“ TB27,
1605207721,jt0r3k,Desktops / Laptops,"Apple Announces The Apple Silicon M1: Ditching x86 - What to Expect, Based on A14",
1605208328,jt0yo0,Gaming,"""It's Smaller Than Expected"", Unboxing The Xbox Series X!",
1605211967,jt26sz,Desktops / Laptops,MacBook Air with M1 chip beats 16-inch MacBook Pro performance in benchmark test,
1605220766,jt5065,Gaming,Gamer,
1605220997,jt52ps,Gaming,DO IT JUST DO IT,
1605224758,jt6668,Medical,Breakthrough research that reverse type 2 diabetes,
1605239654,jta3il,Gaming,MSI Monitors offer a workaround for the lack of 1440p support on the PlayStation 5,
1605240285,jta981,Watches,Live test: Watch how many folds the Galaxy Fold can take,
1605248874,jtc6lm,Transportation,BMW electrified wingsuit can fly at speeds of 300 km/h,[deleted]
1605250468,jtci72,Desktops / Laptops,Macmini(8Gb) M1 wins vs MacBookAir M1 in Benchmark!,
1605253628,jtd3ua,Phones,New Apple iphone 12 mini full review and specification 2020,
1605254823,jtdbzd,Music,Sleevenote is a high-res music player designed for album art,
1605261430,jtegyq,Computer peripherals,Disney Mickey Mouse Boys T-Shirt,
1605261434,jteh01,Watches,I Just Want To Drink Beer And Watch My Steelers Beat Your Team'S Ass Quarantined T-Shirt,
1605261442,jteh25,VR / AR,Daddy You Are My Favorite Superhero 2 Funny Vintage T-Shirt,
1605261452,jteh4m,Computer peripherals,Mickey Mouse Tiffany And Co T-Shirt,
1605261454,jteh5e,Medical,Shes Black Queen Nurse Living Her Best Life T-Shirt,
1605261458,jteh6a,VR / AR,Darth Vader Toilet Use The Force T-Shirt,
1605261466,jteh7y,VR / AR,Baby Yoda And War Of Stars T-Shirt,
1605261469,jteh8n,VR / AR,I'M A Pittsburgh Steelers And Wine Kinda Girl Heart T-Shirt,
1605261476,jteh9y,VR / AR,Michael Jackson Art Paint T-Shirt,
1605261480,jtehau,VR / AR,In Memory Of My Michael Sparrow T-Shirt,
1605266327,jtfb4x,Desktops / Laptops,Acer Enduro N3 Rugged Laptop and T1 Rugged Tablet now Available on Amazon,
1605267916,jtflqf,Transportation,The flying car is here â€“ and it could change the world,
1605268994,jtftfr,VR / AR,"Not everyone who visits the dark web is on a mission to find Silk Road, looking for questionable or illegal content, or a would-be cybercriminal seeking opportunities.",
1605270198,jtg22m,VR / AR,The Next Vp Will Look Like Me Kamala Harris shirt,
1605270209,jtg25b,VR / AR,Bull Terrier You Are My Sunshine shirt,
1605270212,jtg26b,VR / AR,Youre Fired Donny Fun Novelty Wear and shirt,
1605270538,jtg4jh,Rule 5,To My Dear DaughterInLaw I Gave You My Amazing Son Thank You For Not Selling shirt,
1605279430,jth494,VR / AR,Glide Gear Teleprompter TMP100,
1605279434,jth49s,Phones,Mpow M30 in-Ear Bluetooth Headphones,
1605282574,jti1q0,Phone Accessories,'AirTags' appear to include privacy features to stop unwanted tracking,
1605284067,jtijp5,Wearables,Stretchable skin sensor could help you touch things in VR,
1605284097,jtik2k,Medical,"Bakeey LW11 is another new smartwatch that can manage health status and track sports activities in real-time. It is a fitness tracker that got a thin round shape and equipped with several features such as a heart rate monitor, IP68 waterproof, Multisports modes, Bluetooth 5.0, and more.",
1605284467,jtiojh,VR / AR,Santa Claus 2020 Rad Tech Squad Snow and Reindeer Wear Mask shirt,
1605284487,jtiorz,VR / AR,Jesus Is My Savior Corgis Are Therapy shirt,
1605284498,jtiowy,VR / AR,I Love Hard But I Hit Harder Its Your Choice Unconditional Or Unconscious shirt,
1605284519,jtip5m,VR / AR,Christmas 2020 lights the one where we were quarantined shirt,
1605284527,jtip8y,VR / AR,Darby allin the face of wednesday night shirt,
1605284551,jtipkj,VR / AR,Bear California Love Flower shirt,
1605287201,jtjljb,Transportation,Great concept one day this invention could be real,
1605287261,jtjm8h,Gaming,Live your dream,
1605290757,jtks02,Medical,A new device helps people sober up quicker,
1605291847,jtl515,Phones,iPhone 12 Mini Unboxing (Black) | iHelper,
1605301495,jtogmi,Desktops / Laptops,Microsoft Surface Laptop 3,
1605303775,jtp80c,Home,A powerful tool to show you what the future hold for you and how to welcome more,
1605311264,jtrgjj,Transportation,The Moral Dilemmas of Self-Driving Cars,
1605312115,jtroze,Discussion,"Get paid to use Facebook, Youtube and Twitter",
1605319182,jttkc4,Music,"This Speaker Privately Beams Sound To Your Ears, Like You're Wearing Invisible Headphones",
1605319485,jttnc2,Wearables,Oculus Rolls Out Support For 90Hz Games In First Big Quest 2 Update,
1605328978,jtvz61,Homemade,"Price: $14.99(as of Nov 14,2020 03:27:15 UTC - Details) Begin a new holiday giving tradition with this Set of 3 Melamine Giving Plates. Available in both a fall design for Thanksgiving and a Christmas design. Fill a plate with homemade treats and pass it on.",
1605329030,jtvzl5,VR / AR,"Price: $12.99(as of Nov 14,2020 02:16:39 UTC - Details) Product Description About Tomte Gnomes In different countries of the world, home gnomes are called by different names.",
1605329263,jtw1ez,VR / AR,"Price: $10.99 - $9.99(as of Nov 13,2020 16:54:42 UTC - Details) Christmas Cookie Boxes with two decorative graphic design,very cute.with window transparent,nice viewing area,and you can see all of your treats from the clear top.the",
1605329825,jtw5xd,VR / AR,Pug Quarantined Partner shirt,
1605329830,jtw5ys,VR / AR,Remember That You Are A Wolf And You Cannot Be Caged shirt,
1605341183,jtyk3d,Drones / UAVs,DJI mini 2 unboxing and review :),
1605344221,jtz3t1,VR / AR,Prayer Is The Best Way To Meet The Lord But Messing With A Farmer Is Faster shirt,
1605344275,jtz47q,VR / AR,Machinists Life The Pain Is Real These Scars Were Earned My Craft Is One Of Pride And Respect Do What I Can shirt,
1605344289,jtz4au,VR / AR,It Managers Are Classy sassy and a bit smart assay shirt,
